{
  "v0_x_scale": 0.007843137718737125,
  "v0_y_scale": 0.0235294122248888,
  "v1_conv_0_x_scale": 0.0235294122248888,
  "v1_conv_0_y_scale": 0.0235294122248888,
  "v1_conv_1_x_scale": 0.0235294122248888,
  "v1_conv_1_y_scale": 0.10206081718206406,
  "v2_conv_0_x_scale": 0.10206081718206406,
  "v2_conv_0_y_scale": 0.0235294122248888,
  "v2_conv_1_x_scale": 0.0235294122248888,
  "v2_conv_1_y_scale": 0.0235294122248888,
  "v2_conv_2_x_scale": 0.0235294122248888,
  "v2_conv_2_y_scale": 0.055424049496650696,
  "v3_conv_0_x_scale": 0.055424049496650696,
  "v3_conv_0_y_scale": 0.0235294122248888,
  "v3_conv_1_x_scale": 0.0235294122248888,
  "v3_conv_1_y_scale": 0.0235294122248888,
  "v3_conv_2_x_scale": 0.0235294122248888,
  "v3_conv_2_y_scale": 0.08515846729278564,
  "v4_conv_0_x_scale": 0.09074121713638306,
  "v4_conv_0_y_scale": 0.0235294122248888,
  "v4_conv_1_x_scale": 0.0235294122248888,
  "v4_conv_1_y_scale": 0.0235294122248888,
  "v4_conv_2_x_scale": 0.0235294122248888,
  "v4_conv_2_y_scale": 0.06258302181959152,
  "v5_conv_0_x_scale": 0.06258302181959152,
  "v5_conv_0_y_scale": 0.014678431674838066,
  "v5_conv_1_x_scale": 0.014678431674838066,
  "v5_conv_1_y_scale": 0.01893780753016472,
  "v5_conv_2_x_scale": 0.01893780753016472,
  "v5_conv_2_y_scale": 0.030577080324292183,
  "v6_conv_0_x_scale": 0.06481155753135681,
  "v6_conv_0_y_scale": 0.01595255360007286,
  "v6_conv_1_x_scale": 0.01595255360007286,
  "v6_conv_1_y_scale": 0.0235294122248888,
  "v6_conv_2_x_scale": 0.0235294122248888,
  "v6_conv_2_y_scale": 0.03571656718850136,
  "v7_conv_0_x_scale": 0.07440463453531265,
  "v7_conv_0_y_scale": 0.012264381162822247,
  "v7_conv_1_x_scale": 0.012264381162822247,
  "v7_conv_1_y_scale": 0.02173421159386635,
  "v7_conv_2_x_scale": 0.02173421159386635,
  "v7_conv_2_y_scale": 0.05232013761997223,
  "v8_conv_0_x_scale": 0.10350367426872253,
  "v8_conv_0_y_scale": 0.02074337936937809,
  "v8_conv_1_x_scale": 0.02074337936937809,
  "v8_conv_1_y_scale": 0.0235294122248888,
  "v8_conv_2_x_scale": 0.0235294122248888,
  "v8_conv_2_y_scale": 0.05236012116074562,
  "v9_conv_0_x_scale": 0.05236012116074562,
  "v9_conv_0_y_scale": 0.011097414419054985,
  "v9_conv_1_x_scale": 0.011097414419054985,
  "v9_conv_1_y_scale": 0.011952503584325314,
  "v9_conv_2_x_scale": 0.011952503584325314,
  "v9_conv_2_y_scale": 0.030362123623490334,
  "v10_conv_0_x_scale": 0.053473711013793945,
  "v10_conv_0_y_scale": 0.009580876678228378,
  "v10_conv_1_x_scale": 0.009580876678228378,
  "v10_conv_1_y_scale": 0.014779754914343357,
  "v10_conv_2_x_scale": 0.014779754914343357,
  "v10_conv_2_y_scale": 0.019915806129574776,
  "v11_conv_0_x_scale": 0.054185882210731506,
  "v11_conv_0_y_scale": 0.012613805010914803,
  "v11_conv_1_x_scale": 0.012613805010914803,
  "v11_conv_1_y_scale": 0.013802499510347843,
  "v11_conv_2_x_scale": 0.013802499510347843,
  "v11_conv_2_y_scale": 0.036152493208646774,
  "v12_conv_0_x_scale": 0.05327398702502251,
  "v12_conv_0_y_scale": 0.014480154030025005,
  "v12_conv_1_x_scale": 0.014480154030025005,
  "v12_conv_1_y_scale": 0.02058972232043743,
  "v12_conv_2_x_scale": 0.02058972232043743,
  "v12_conv_2_y_scale": 0.0431026928126812,
  "v13_conv_0_x_scale": 0.0431026928126812,
  "v13_conv_0_y_scale": 0.008959638886153698,
  "v13_conv_1_x_scale": 0.008959638886153698,
  "v13_conv_1_y_scale": 0.014968201518058777,
  "v13_conv_2_x_scale": 0.014968201518058777,
  "v13_conv_2_y_scale": 0.027416735887527466,
  "v14_conv_0_x_scale": 0.045965831726789474,
  "v14_conv_0_y_scale": 0.010901669040322304,
  "v14_conv_1_x_scale": 0.010901669040322304,
  "v14_conv_1_y_scale": 0.023381609469652176,
  "v14_conv_2_x_scale": 0.023381609469652176,
  "v14_conv_2_y_scale": 0.03343378007411957,
  "v15_conv_0_x_scale": 0.055598776787519455,
  "v15_conv_0_y_scale": 0.009427802637219429,
  "v15_conv_1_x_scale": 0.009427802637219429,
  "v15_conv_1_y_scale": 0.02174600400030613,
  "v15_conv_2_x_scale": 0.02174600400030613,
  "v15_conv_2_y_scale": 0.0376083105802536,
  "v16_conv_0_x_scale": 0.06838260591030121,
  "v16_conv_0_y_scale": 0.0133612509816885,
  "v16_conv_1_x_scale": 0.0133612509816885,
  "v16_conv_1_y_scale": 0.023422881960868835,
  "v16_conv_2_x_scale": 0.023422881960868835,
  "v16_conv_2_y_scale": 0.03163740038871765,
  "v17_conv_0_x_scale": 0.03163740038871765,
  "v17_conv_0_y_scale": 0.007919657044112682,
  "v17_conv_1_x_scale": 0.007919657044112682,
  "v17_conv_1_y_scale": 0.018834607675671577,
  "v17_conv_2_x_scale": 0.018834607675671577,
  "v17_conv_2_y_scale": 0.024585269391536713,
  "v18_conv_0_x_scale": 0.03868471458554268,
  "v18_conv_0_y_scale": 0.00861003715544939,
  "v18_conv_1_x_scale": 0.00861003715544939,
  "v18_conv_1_y_scale": 0.0235294122248888,
  "v18_conv_2_x_scale": 0.0235294122248888,
  "v18_conv_2_y_scale": 0.02813301794230938,
  "v19_conv_0_x_scale": 0.0442594438791275,
  "v19_conv_0_y_scale": 0.009454597719013691,
  "v19_conv_1_x_scale": 0.009454597719013691,
  "v19_conv_1_y_scale": 0.02345898747444153,
  "v19_conv_2_x_scale": 0.02345898747444153,
  "v19_conv_2_y_scale": 0.03753276541829109,
  "v20_conv_0_x_scale": 0.054229579865932465,
  "v20_conv_0_y_scale": 0.010744183324277401,
  "v20_conv_1_x_scale": 0.010744183324277401,
  "v20_conv_1_y_scale": 0.019693387672305107,
  "v20_conv_2_x_scale": 0.019693387672305107,
  "v20_conv_2_y_scale": 0.12335207313299179,
  "v21_x_scale": 0.12335207313299179,
  "v21_y_scale": 1.0
}