{
  "v0_x_scale": 0.007843137718737125,
  "v0_y_scale": 0.0235294122248888,
  "v1_conv_0_x_scale": 0.0235294122248888,
  "v1_conv_0_y_scale": 0.0235294122248888,
  "v1_conv_1_x_scale": 0.0235294122248888,
  "v1_conv_1_y_scale": 0.10244515538215637,
  "v2_conv_0_x_scale": 0.10244515538215637,
  "v2_conv_0_y_scale": 0.0235294122248888,
  "v2_conv_1_x_scale": 0.0235294122248888,
  "v2_conv_1_y_scale": 0.0235294122248888,
  "v2_conv_2_x_scale": 0.0235294122248888,
  "v2_conv_2_y_scale": 0.0894576907157898,
  "v3_conv_0_x_scale": 0.0894576907157898,
  "v3_conv_0_y_scale": 0.0235294122248888,
  "v3_conv_1_x_scale": 0.0235294122248888,
  "v3_conv_1_y_scale": 0.0235294122248888,
  "v3_conv_2_x_scale": 0.0235294122248888,
  "v3_conv_2_y_scale": 0.05813366174697876,
  "v4_conv_0_x_scale": 0.11063259840011597,
  "v4_conv_0_y_scale": 0.0235294122248888,
  "v4_conv_1_x_scale": 0.0235294122248888,
  "v4_conv_1_y_scale": 0.0235294122248888,
  "v4_conv_2_x_scale": 0.0235294122248888,
  "v4_conv_2_y_scale": 0.05820897966623306,
  "v5_conv_0_x_scale": 0.05820897966623306,
  "v5_conv_0_y_scale": 0.015405225567519665,
  "v5_conv_1_x_scale": 0.015405225567519665,
  "v5_conv_1_y_scale": 0.02311633713543415,
  "v5_conv_2_x_scale": 0.02311633713543415,
  "v5_conv_2_y_scale": 0.05620145425200462,
  "v6_conv_0_x_scale": 0.07235965877771378,
  "v6_conv_0_y_scale": 0.012464430183172226,
  "v6_conv_1_x_scale": 0.012464430183172226,
  "v6_conv_1_y_scale": 0.01896340772509575,
  "v6_conv_2_x_scale": 0.01896340772509575,
  "v6_conv_2_y_scale": 0.04902767762541771,
  "v7_conv_0_x_scale": 0.08182842284440994,
  "v7_conv_0_y_scale": 0.019567662850022316,
  "v7_conv_1_x_scale": 0.019567662850022316,
  "v7_conv_1_y_scale": 0.023415647447109222,
  "v7_conv_2_x_scale": 0.023415647447109222,
  "v7_conv_2_y_scale": 0.04675232246518135,
  "v8_conv_0_x_scale": 0.04675232246518135,
  "v8_conv_0_y_scale": 0.011836822144687176,
  "v8_conv_1_x_scale": 0.011836822144687176,
  "v8_conv_1_y_scale": 0.01398702897131443,
  "v8_conv_2_x_scale": 0.01398702897131443,
  "v8_conv_2_y_scale": 0.03152298554778099,
  "v9_conv_0_x_scale": 0.053177520632743835,
  "v9_conv_0_y_scale": 0.010411003604531288,
  "v9_conv_1_x_scale": 0.010411003604531288,
  "v9_conv_1_y_scale": 0.013984940946102142,
  "v9_conv_2_x_scale": 0.013984940946102142,
  "v9_conv_2_y_scale": 0.026237143203616142,
  "v10_conv_0_x_scale": 0.05363613739609718,
  "v10_conv_0_y_scale": 0.008111653849482536,
  "v10_conv_1_x_scale": 0.008111653849482536,
  "v10_conv_1_y_scale": 0.02033105120062828,
  "v10_conv_2_x_scale": 0.02033105120062828,
  "v10_conv_2_y_scale": 0.0347156822681427,
  "v11_conv_0_x_scale": 0.06102364510297775,
  "v11_conv_0_y_scale": 0.01187543198466301,
  "v11_conv_1_x_scale": 0.01187543198466301,
  "v11_conv_1_y_scale": 0.021619537845253944,
  "v11_conv_2_x_scale": 0.021619537845253944,
  "v11_conv_2_y_scale": 0.04344920441508293,
  "v12_conv_0_x_scale": 0.04344920441508293,
  "v12_conv_0_y_scale": 0.009812994860112667,
  "v12_conv_1_x_scale": 0.009812994860112667,
  "v12_conv_1_y_scale": 0.018936581909656525,
  "v12_conv_2_x_scale": 0.018936581909656525,
  "v12_conv_2_y_scale": 0.027267595753073692,
  "v13_conv_0_x_scale": 0.05005643516778946,
  "v13_conv_0_y_scale": 0.010222400538623333,
  "v13_conv_1_x_scale": 0.010222400538623333,
  "v13_conv_1_y_scale": 0.0235255416482687,
  "v13_conv_2_x_scale": 0.0235255416482687,
  "v13_conv_2_y_scale": 0.059326525777578354,
  "v14_conv_0_x_scale": 0.06593875586986542,
  "v14_conv_0_y_scale": 0.014870535582304,
  "v14_conv_1_x_scale": 0.014870535582304,
  "v14_conv_1_y_scale": 0.0235294122248888,
  "v14_conv_2_x_scale": 0.0235294122248888,
  "v14_conv_2_y_scale": 0.03399493917822838,
  "v15_conv_0_x_scale": 0.03399493917822838,
  "v15_conv_0_y_scale": 0.00921732559800148,
  "v15_conv_1_x_scale": 0.00921732559800148,
  "v15_conv_1_y_scale": 0.01723986677825451,
  "v15_conv_2_x_scale": 0.01723986677825451,
  "v15_conv_2_y_scale": 0.02472756989300251,
  "v16_conv_0_x_scale": 0.042022522538900375,
  "v16_conv_0_y_scale": 0.010386687703430653,
  "v16_conv_1_x_scale": 0.010386687703430653,
  "v16_conv_1_y_scale": 0.019930323585867882,
  "v16_conv_2_x_scale": 0.019930323585867882,
  "v16_conv_2_y_scale": 0.03635231405496597,
  "v17_conv_0_x_scale": 0.05211983248591423,
  "v17_conv_0_y_scale": 0.010748748667538166,
  "v17_conv_1_x_scale": 0.010748748667538166,
  "v17_conv_1_y_scale": 0.023079266771674156,
  "v17_conv_2_x_scale": 0.023079266771674156,
  "v17_conv_2_y_scale": 0.16140487790107727,
  "v18_x_scale": 0.16140487790107727,
  "v18_y_scale": 1.0
}